INSERT INTO [dbo].[universidad] VALUES ('ESPE','1760564120001','EUCEBIO MONCADA','SUSANA VACA');
INSERT INTO [dbo].[universidad] VALUES ('UCE','1760089647001','DANIEL SALGADO','PABLO GOMEZ');

select * from UNIVERSIDAD

INSERT INTO [dbo].[facultad] VALUES (1,'SISTEMAS','ADRIAN MERLO');
INSERT INTO [dbo].[facultad] VALUES (1,'CIVIL','GONZALO PIEDRA');
INSERT INTO [dbo].[facultad] VALUES (1,'AGRICOLAS','ERNESTO GUEVARA');
INSERT INTO [dbo].[facultad] VALUES (1,'ELECTRONIC','SERGIO CANDO');
INSERT INTO [dbo].[facultad] VALUES (1,'QUIMICA','SANTIAGO CORDOVA');
INSERT INTO [dbo].[facultad] VALUES (2,'ADMINISTRA','JUAN NAVAZ');
INSERT INTO [dbo].[facultad] VALUES (2,'CIENCIAS','FRANCISCO LARA');
INSERT INTO [dbo].[facultad] VALUES (2,'MEDICINA','MARCO GRANDA');
INSERT INTO [dbo].[facultad] VALUES (2,'DERECHO','MARINA GOMEZ');
INSERT INTO [dbo].[facultad] VALUES (2,'ELECTRICA','JUAN MARTINEZ');

select * from facultad


INSERT INTO [dbo].[carrera] VALUES (1,1,'INFORMATICA');
INSERT INTO [dbo].[carrera] VALUES (1,1,'TI');
INSERT INTO [dbo].[carrera] VALUES (1,2,'INGENIERIA CIVIL');
INSERT INTO [dbo].[carrera] VALUES (1,3,'AGRONOMIA');
INSERT INTO [dbo].[carrera] VALUES (1,3,'AGROINDUSTRIA');
INSERT INTO [dbo].[carrera] VALUES (1,4,'AUTOMATIZACION');
INSERT INTO [dbo].[carrera] VALUES (1,4,'TELECOMUNCACIONES');
INSERT INTO [dbo].[carrera] VALUES (1,5,'QUIMICA');
INSERT INTO [dbo].[carrera] VALUES (2,6,'CONTABILIDAD');
INSERT INTO [dbo].[carrera] VALUES (2,6,'ADMINISTRACION');
INSERT INTO [dbo].[carrera] VALUES (2,7,'MATEMATICA');
INSERT INTO [dbo].[carrera] VALUES (2,7,'FISICA');
INSERT INTO [dbo].[carrera] VALUES (2,8,'MEDICINA');
INSERT INTO [dbo].[carrera] VALUES (2,9,'DERECHO');
INSERT INTO [dbo].[carrera] VALUES (2,10,'ELECTRICA');

SELECT * FROM [dbo].[carrera];

INSERT INTO [dbo].[semestre] VALUES (1,1,1,12,'2022/03/10','2022/10/18');
INSERT INTO [dbo].[semestre] VALUES (1,1,2,12,'2022/03/10','2022/10/18');
INSERT INTO [dbo].[semestre] VALUES (1,2,3,12,'2022/03/10','2022/10/18');
INSERT INTO [dbo].[semestre] VALUES (1,3,4,12,'2022/03/10','2022/10/18');
INSERT INTO [dbo].[semestre] VALUES (1,3,5,12,'2022/03/10','2022/10/18');
INSERT INTO [dbo].[semestre] VALUES (1,4,6,12,'2022/03/10','2022/10/18');
INSERT INTO [dbo].[semestre] VALUES (1,4,7,12,'2022/03/10','2022/10/18');
INSERT INTO [dbo].[semestre] VALUES (1,5,8,12,'2022/03/10','2022/10/18');
INSERT INTO [dbo].[semestre] VALUES (2,6,9,5,'2022/03/20','2022/10/28');
INSERT INTO [dbo].[semestre] VALUES (2,6,10,5,'2022/03/20','2022/10/28');
INSERT INTO [dbo].[semestre] VALUES (2,7,11,5,'2022/03/20','2022/10/28');
INSERT INTO [dbo].[semestre] VALUES (2,7,12,5,'2022/03/20','2022/10/28');
INSERT INTO [dbo].[semestre] VALUES (2,8,13,5,'2022/03/20','2022/10/28');
INSERT INTO [dbo].[semestre] VALUES (2,9,14,5,'2022/03/20','2022/10/28');
INSERT INTO [dbo].[semestre] VALUES (2,10,15,5,'2022/03/20','2022/10/28');

SELECT * FROM [dbo].[semestre];
truncate table alumno
INSERT INTO [dbo].[alumno] VALUES ('1003214987','ANDRES PEREIRA','M','1999/05/02');
INSERT INTO [dbo].[alumno] VALUES ('1710253641','DIEGO ESPINOZA','M','2000/04/02');
INSERT INTO [dbo].[alumno] VALUES ('0501451441','PEDRO SOLIS','M','1995/12/10');
INSERT INTO [dbo].[alumno] VALUES ('1801235674','DANIELA OCAÑA','F','1996/01/02');
INSERT INTO [dbo].[alumno] VALUES ('0201235610','FRANCIS CISNEROS','M','1991/05/25');
INSERT INTO [dbo].[alumno] VALUES ('0302568789','RODRIGO HERRERA','M','2001/08/07');
INSERT INTO [dbo].[alumno] VALUES ('2001256398','MARIO TORRES','M','1989/06/21');
INSERT INTO [dbo].[alumno] VALUES ('1717785391','DIANA CEVALLOS','F','1999/06/12');
INSERT INTO [dbo].[alumno] VALUES ('1173957412','JORGE COBOS','M','2002/12/18');
INSERT INTO [dbo].[alumno] VALUES ('1402493852','CARLA GARCIA','F','1998/01/09');
INSERT INTO [dbo].[alumno] VALUES ('1005014569','CEPEDA SOFIA','F','1999/05/02');
INSERT INTO [dbo].[alumno] VALUES ('1710123687','COLOMA SUSANA','F','2003/08/02');
INSERT INTO [dbo].[alumno] VALUES ('0502547812','CHAPI LENIN','M','1999/10/10');
INSERT INTO [dbo].[alumno] VALUES ('1802547896','GARCIA ROMMEL','M','1991/08/02');
INSERT INTO [dbo].[alumno] VALUES ('0201147832','ZAMBRANO JOHANNA','F','1991/12/25');
INSERT INTO [dbo].[alumno] VALUES ('0301245634','LUCIO ELVIS','M','2002/07/07');
INSERT INTO [dbo].[alumno] VALUES ('2000123644','SHIGUANGO LILIAN','F','1996/07/21');
INSERT INTO [dbo].[alumno] VALUES ('1721789633','SATIACA MERY','F','1995/06/12');
INSERT INTO [dbo].[alumno] VALUES ('1125259874','SILVA YOMAIRA','F','2003/12/18');
INSERT INTO [dbo].[alumno] VALUES ('1414697453','TAPIA JESSICA','F','1998/12/09');
INSERT INTO [dbo].[alumno] VALUES ('1710114495','MORAN EDGAR','M','2000/07/02');
INSERT INTO [dbo].[alumno] VALUES ('0507826310','AVILA VICTORIA','F','1991/12/10');
INSERT INTO [dbo].[alumno] VALUES ('1801123698','TIXI ANDERSON','M','1999/01/02');
INSERT INTO [dbo].[alumno] VALUES ('0201415896','BRAVO EDISON','M','1995/05/25');
INSERT INTO [dbo].[alumno] VALUES ('0301523698','CHILUISA VICTOR','M','2000/08/07');
INSERT INTO [dbo].[alumno] VALUES ('1478567869','MOREIRA YECENIA','F','1995/06/21');
INSERT INTO [dbo].[alumno] VALUES ('1203567841','VALVERDE JOSE','M','1999/07/22');
INSERT INTO [dbo].[alumno] VALUES ('2202154785','BERMELLO EMILY','F','2002/12/21');
INSERT INTO [dbo].[alumno] VALUES ('0401236589','PEREZ JEFFERSON','M','1998/03/24');
INSERT INTO [dbo].[alumno] VALUES ('0602542631','SANCHEZ MIKAELA','F','1992/05/02');
INSERT INTO [dbo].[alumno] VALUES ('0912457896','SANIPATIN KIMBERLY','F','2002/06/02');
INSERT INTO [dbo].[alumno] VALUES ('0854789614','POSSO JEANNETH','F','1996/09/10');
INSERT INTO [dbo].[alumno] VALUES ('1102456934','CALVA LIZBETH','F','1999/09/02');
INSERT INTO [dbo].[alumno] VALUES ('1305786932','ACHIG CHRISTIAN','M','2000/05/25');
INSERT INTO [dbo].[alumno] VALUES ('1525364789','VALVERDE SONIA','F','2002/03/07');
INSERT INTO [dbo].[alumno] VALUES ('1602786321','GUALLICHICO LESLY','F','1990/01/21');
INSERT INTO [dbo].[alumno] VALUES ('1900256345','LARA CRISTINA','F','1997/05/12');
INSERT INTO [dbo].[alumno] VALUES ('2320154896','SABANDO MIKAELA','F','2002/12/18');
INSERT INTO [dbo].[alumno] VALUES ('2401245693','NARANJO KARLA','F','1994/01/09');
INSERT INTO [dbo].[alumno] VALUES ('1002872701','PAUCAR ALAN','M','1993/05/02');
INSERT INTO [dbo].[alumno] VALUES ('1202569874','CAJAMARCA ALEX','M','2003/04/02');
INSERT INTO [dbo].[alumno] VALUES ('1358741022','LOPEZ KARLA','F','1993/12/10');
INSERT INTO [dbo].[alumno] VALUES ('1416987541','SUNTAXI EVELYN','F','1994/02/02');
INSERT INTO [dbo].[alumno] VALUES ('2200035645','CORTEZ MONICA','F','1992/05/25');
INSERT INTO [dbo].[alumno] VALUES ('0302562563','PERALVO JONATHAN','M','2003/08/07');
INSERT INTO [dbo].[alumno] VALUES ('2001145698','FEIJOO ANA','F','1995/06/21');
INSERT INTO [dbo].[alumno] VALUES ('1701478954','SOLORZANO VERONICA','F','1994/03/25');
INSERT INTO [dbo].[alumno] VALUES ('1101256489','SANCHEZ EVELIN','F','2003/12/31');
INSERT INTO [dbo].[alumno] VALUES ('1401489675','CARLA GARCIA','F','1996/01/02');
INSERT INTO [dbo].[alumno] VALUES ('1719151387','CHALA ERIK','F','1999/01/02');

SELECT * FROM ALUMNO
truncate table alumno
INSERT INTO [dbo].[matricula] VALUES ('1003214987',1,'2022/02/25',28);
INSERT INTO [dbo].[matricula] VALUES ('1710253641',1,'2022/02/24',28);
INSERT INTO [dbo].[matricula] VALUES ('0501451441',1,'2022/03/01',28);
INSERT INTO [dbo].[matricula] VALUES ('1801235674',2,'2022/03/07',24);
INSERT INTO [dbo].[matricula] VALUES ('0201235610',2,'2022/02/28',24);
INSERT INTO [dbo].[matricula] VALUES ('0302568789',2,'2022/03/02',24);
INSERT INTO [dbo].[matricula] VALUES ('2001256398',3,'2022/03/01',26);
INSERT INTO [dbo].[matricula] VALUES ('1717785391',3,'2022/03/06',26);
INSERT INTO [dbo].[matricula] VALUES ('1173957412',3,'2022/03/05',26);
INSERT INTO [dbo].[matricula] VALUES ('0301245634',4,'2022/03/02',30);
INSERT INTO [dbo].[matricula] VALUES ('2000123644',4,'2022/03/09',30);
INSERT INTO [dbo].[matricula] VALUES ('1721789633',4,'2022/03/02',30);
INSERT INTO [dbo].[matricula] VALUES ('1125259874',5,'2022/03/02',28);
INSERT INTO [dbo].[matricula] VALUES ('1414697453',5,'2022/03/06',28);
INSERT INTO [dbo].[matricula] VALUES ('1719151387',5,'2022/03/01',28);
INSERT INTO [dbo].[matricula] VALUES ('1710114495',6,'2022/03/03',24);
INSERT INTO [dbo].[matricula] VALUES ('0507826310',6,'2022/03/05',24);
INSERT INTO [dbo].[matricula] VALUES ('1801123698',6,'2022/03/06',24);
INSERT INTO [dbo].[matricula] VALUES ('0201415896',7,'2022/03/09',28);
INSERT INTO [dbo].[matricula] VALUES ('0301523698',7,'2022/03/01',28);
INSERT INTO [dbo].[matricula] VALUES ('1478567869',7,'2022/03/01',28);
INSERT INTO [dbo].[matricula] VALUES ('1203567841',8,'2022/03/02',26);
INSERT INTO [dbo].[matricula] VALUES ('2202154785',8,'2022/03/04',26);
INSERT INTO [dbo].[matricula] VALUES ('0401236589',8,'2022/03/06',26);
INSERT INTO [dbo].[matricula] VALUES ('1402493852',9,'2022/03/09',30);
INSERT INTO [dbo].[matricula] VALUES ('1003214987',9,'2022/03/19',30);
INSERT INTO [dbo].[matricula] VALUES ('1710253641',9,'2022/03/15',30);
INSERT INTO [dbo].[matricula] VALUES ('0854789614',9,'2022/03/15',30);
INSERT INTO [dbo].[matricula] VALUES ('0602542631',9,'2022/03/16',30);
INSERT INTO [dbo].[matricula] VALUES ('1102456934',10,'2022/03/11',29);
INSERT INTO [dbo].[matricula] VALUES ('1305786932',10,'2022/03/10',29);
INSERT INTO [dbo].[matricula] VALUES ('1602786321',10,'2022/03/12',29);
INSERT INTO [dbo].[matricula] VALUES ('0501451441',10,'2022/03/08',29);
INSERT INTO [dbo].[matricula] VALUES ('1801235674',10,'2022/03/06',29);
INSERT INTO [dbo].[matricula] VALUES ('0201235610',10,'2022/03/01',29);
INSERT INTO [dbo].[matricula] VALUES ('1900256345',11,'2022/03/18',26);
INSERT INTO [dbo].[matricula] VALUES ('2320154896',11,'2022/03/19',26);
INSERT INTO [dbo].[matricula] VALUES ('2401245693',11,'2022/03/17',26);
INSERT INTO [dbo].[matricula] VALUES ('1002872701',12,'2022/03/10',28);
INSERT INTO [dbo].[matricula] VALUES ('1202569874',12,'2022/03/11',28);
INSERT INTO [dbo].[matricula] VALUES ('1358741022',12,'2022/03/15',28);
INSERT INTO [dbo].[matricula] VALUES ('1416987541',13,'2022/03/14',27);
INSERT INTO [dbo].[matricula] VALUES ('2200035645',13,'2022/03/18',27);
INSERT INTO [dbo].[matricula] VALUES ('0302562563',13,'2022/03/17',27);
INSERT INTO [dbo].[matricula] VALUES ('2001145698',14,'2022/03/16',26);
INSERT INTO [dbo].[matricula] VALUES ('1701478954',14,'2022/03/11',26);
INSERT INTO [dbo].[matricula] VALUES ('1101256489',14,'2022/03/10',26);
INSERT INTO [dbo].[matricula] VALUES ('1401489675',15,'2022/03/17',24);
INSERT INTO [dbo].[matricula] VALUES ('1101256489',15,'2022/03/16',24);
INSERT INTO [dbo].[matricula] VALUES ('1401489675',15,'2022/03/18',24);


select * from MATRICULA

select * from alumno

where cod_uni = 1

select facultad.NombreDecano, FACULTAD.NombreFacultad, UNIVERSIDAD.NombreUniversidad, FACULTAD.cod_fac
	 from FACULTAD inner join UNIVERSIDAD on FACULTAD.cod_uni=UNIVERSIDAD.cod_uni
	 where NombreFacultad='SISTEMAS'

select facultad.nombrefacultad AS FACULTAD, FACULTAD.cod_fac, carrera.codesc, carrera.nombrecarrera AS CARRERA
	from facultad inner join carrera on facultad.cod_fac=carrera.cod_fac
	where nombrefacultad = 'ADMINISTRA'
