INSERT INTO [dbo].[universidad] VALUES ('ESPE','1760564120001','EUCEBIO MONCADA','SUSANA VACA');
INSERT INTO [dbo].[universidad] VALUES ('UTN','1060014521001','JUAN DE LA TORRES','SANDRO NARVAEZ');
INSERT INTO [dbo].[universidad] VALUES ('UPEC','0461013289001','DIEGO BASTIDAS','MARGARITA MORENO');
INSERT INTO [dbo].[universidad] VALUES ('UCE','1760089647001','DANIEL SALGADO','PABLO GOMEZ');
INSERT INTO [dbo].[universidad] VALUES ('UTC','0560189678001','DORIS ANDRADE','JULI CAMPO');

--SELECT * FROM [dbo].[universidad];

INSERT INTO [dbo].[facultad] VALUES (1,'SISTEMAS','ADRIAN MERLO');
INSERT INTO [dbo].[facultad] VALUES (1,'CIVIL','GONZALO PIEDRA');
INSERT INTO [dbo].[facultad] VALUES (2,'ADMINISTRA','JUAN NAVAZ');
INSERT INTO [dbo].[facultad] VALUES (2,'CIENCIAS','FRANCISCO LARA');
INSERT INTO [dbo].[facultad] VALUES (3,'AGRICOLAS','ERNESTO GUEVARA');
INSERT INTO [dbo].[facultad] VALUES (3,'SISTEMAS','MARIA GONZALES');
INSERT INTO [dbo].[facultad] VALUES (4,'MEDICINA','MARCO GRANDA');
INSERT INTO [dbo].[facultad] VALUES (4,'DERECHO','MARINA GOMEZ');
INSERT INTO [dbo].[facultad] VALUES (5,'CIVIL','DIEGO ZURITA');
INSERT INTO [dbo].[facultad] VALUES (5,'ELECTRONIC','SANTIAGO CORDOVA');

--SELECT * FROM [dbo].[facultad];

INSERT INTO [dbo].[carrera] VALUES (1,1,'INFORMATICA');
INSERT INTO [dbo].[carrera] VALUES (1,2,'INGENIERIA CIVIL');
INSERT INTO [dbo].[carrera] VALUES (2,3,'CONTABILIDAD');
INSERT INTO [dbo].[carrera] VALUES (2,4,'MATEMATICAS');
INSERT INTO [dbo].[carrera] VALUES (3,5,'AGRONOMIA');
INSERT INTO [dbo].[carrera] VALUES (3,6,'SISTEMAS');
INSERT INTO [dbo].[carrera] VALUES (4,7,'MEDICINA');
INSERT INTO [dbo].[carrera] VALUES (4,8,'DERECHO');
INSERT INTO [dbo].[carrera] VALUES (5,9,'INGENIERIA CIVIL');
INSERT INTO [dbo].[carrera] VALUES (5,10,'CONTROL INDUSTIAL');

--SELECT * FROM [dbo].[carrera];


INSERT INTO [dbo].[semestre] VALUES (1,1,11,10,'2021/10/10','2022/02/18');
INSERT INTO [dbo].[semestre] VALUES (1,2,12,10,'2021/10/10','2022/02/18');
INSERT INTO [dbo].[semestre] VALUES (2,3,13,5,'2021/10/20','2022/02/28');
INSERT INTO [dbo].[semestre] VALUES (2,4,14,5,'2021/10/20','2022/02/28');
INSERT INTO [dbo].[semestre] VALUES (3,5,15,8,'2021/09/28','2022/02/18');
INSERT INTO [dbo].[semestre] VALUES (3,6,16,8,'2021/09/28','2022/02/18');
INSERT INTO [dbo].[semestre] VALUES (4,7,17,12,'2021/11/01','2022/03/03');
INSERT INTO [dbo].[semestre] VALUES (4,8,18,12,'2021/11/01','2022/03/03');
INSERT INTO [dbo].[semestre] VALUES (5,9,19,3,'2021/10/15','2022/02/22');
INSERT INTO [dbo].[semestre] VALUES (5,10,10,3,'2021/10/15','2022/02/22');

--SELECT * FROM [dbo].[semestre];


INSERT INTO [dbo].[alumno] VALUES ('1003214987','ANDRES PEREIRA','M','1999/05/02');
INSERT INTO [dbo].[alumno] VALUES ('1710253641','DIEGO ESPINOZA','M','2000/04/02');
INSERT INTO [dbo].[alumno] VALUES ('0501451441','PEDRO SOLIS','M','1995/12/10');
INSERT INTO [dbo].[alumno] VALUES ('1801235674','DANIELA OCAÑA','F','1996/01/02');
INSERT INTO [dbo].[alumno] VALUES ('0201235610','FRANCIS CISNEROS','M','1991/05/25');
INSERT INTO [dbo].[alumno] VALUES ('0302568789','RODRIGO HERRERA','M','2001/08/07');
INSERT INTO [dbo].[alumno] VALUES ('2001256398','MARIO TORRES','M','1989/06/21');
INSERT INTO [dbo].[alumno] VALUES ('1717785391','DIANA CEVALLOS','F','1999/06/12');
INSERT INTO [dbo].[alumno] VALUES ('1173957412','JORGE COBOS','M','2002/12/18');
INSERT INTO [dbo].[alumno] VALUES ('1402493852','CARLA GARCIA','F','1998/01/09');

--SELECT * FROM [dbo].[alumno];

INSERT INTO [dbo].[matricula] VALUES ('1003214987',2,'2021/09/30',28);
INSERT INTO [dbo].[matricula] VALUES ('1710253641',3,'2021/09/29',30);
INSERT INTO [dbo].[matricula] VALUES ('0501451441',4,'2021/10/12',26);
INSERT INTO [dbo].[matricula] VALUES ('1801235674',5,'2021/10/16',24);
INSERT INTO [dbo].[matricula] VALUES ('0201235610',6,'2021/09/15',25);
INSERT INTO [dbo].[matricula] VALUES ('0302568789',7,'2021/09/19',32);
INSERT INTO [dbo].[matricula] VALUES ('2001256398',8,'2021/10/30',24);
INSERT INTO [dbo].[matricula] VALUES ('1717785391',9,'2021/10/25',26);
INSERT INTO [dbo].[matricula] VALUES ('1173957412',10,'2021/10/11',28);
INSERT INTO [dbo].[matricula] VALUES ('1402493852',1,'2021/10/09',30);

--SELECT * FROM [dbo].[matricula];
